{
	"credit": "Made with Blockbench",
	"textures": {
		"particle": "block/tripwire_hook",
		"hook": "block/tripwire_hook"
	},
	"elements": [
		{
			"from": [6, 3.75, 7.75],
			"to": [10, 4.75, 8.75],
			"rotation": {"angle": -45, "axis": "x", "origin": [8, 6, 5.2]},
			"faces": {
				"north": {"uv": [16, 6, 12, 7], "texture": "#hook"},
				"east": {"uv": [12, 1, 11, 2], "texture": "#hook"},
				"south": {"uv": [16, 7, 12, 8], "texture": "#hook"},
				"west": {"uv": [11, 1, 10, 2], "texture": "#hook"},
				"up": {"uv": [12, 5, 16, 4], "texture": "#hook"},
				"down": {"uv": [12, 5, 16, 6], "texture": "#hook"}
			}
		},
		{
			"from": [9, 3.75, 8.75],
			"to": [10, 4.75, 10.75],
			"rotation": {"angle": -45, "axis": "x", "origin": [8, 6, 5.2]},
			"faces": {
				"east": {"uv": [2, 13, 0, 14], "texture": "#hook"},
				"west": {"uv": [2, 12, 0, 13], "texture": "#hook"},
				"up": {"uv": [0, 12, 1, 10], "texture": "#hook"},
				"down": {"uv": [1, 10, 2, 12], "texture": "#hook"}
			}
		},
		{
			"from": [6, 3.75, 8.75],
			"to": [7, 4.75, 10.75],
			"rotation": {"angle": -45, "axis": "x", "origin": [8, 6, 5.2]},
			"faces": {
				"east": {"uv": [4, 13, 2, 14], "texture": "#hook"},
				"west": {"uv": [4, 12, 2, 13], "texture": "#hook"},
				"up": {"uv": [2, 12, 3, 10], "texture": "#hook"},
				"down": {"uv": [3, 10, 4, 12], "texture": "#hook"}
			}
		},
		{
			"from": [6, 3.75, 10.75],
			"to": [10, 4.75, 11.75],
			"rotation": {"angle": -45, "axis": "x", "origin": [8, 6, 5.2]},
			"faces": {
				"north": {"uv": [16, 2, 12, 3], "texture": "#hook"},
				"east": {"uv": [12, 0, 11, 1], "texture": "#hook"},
				"south": {"uv": [16, 3, 12, 4], "texture": "#hook"},
				"west": {"uv": [11, 0, 10, 1], "texture": "#hook"},
				"up": {"uv": [12, 1, 16, 0], "texture": "#hook"},
				"down": {"uv": [12, 1, 16, 2], "texture": "#hook"}
			}
		},
		{
			"from": [7, 5.5, 10],
			"to": [9, 6.5, 15],
			"rotation": {"angle": 45, "axis": "x", "origin": [8, 6, 14]},
			"faces": {
				"north": {"uv": [5, 15, 7, 16], "texture": "#hook"},
				"east": {"uv": [0, 15, 5, 16], "texture": "#hook"},
				"south": {"uv": [12, 15, 14, 16], "texture": "#hook"},
				"west": {"uv": [7, 15, 12, 16], "texture": "#hook"},
				"up": {"uv": [7, 15, 5, 10], "texture": "#hook"},
				"down": {"uv": [9, 10, 7, 15], "texture": "#hook"}
			}
		},
		{
			"from": [6, 1, 14],
			"to": [10, 9, 16],
			"faces": {
				"north": {"uv": [2, 2, 6, 10], "texture": "#hook"},
				"east": {"uv": [6, 2, 8, 10], "texture": "#hook"},
				"south": {"uv": [8, 2, 12, 10], "texture": "#hook", "cullface": "south"},
				"west": {"uv": [0, 2, 2, 10], "texture": "#hook"},
				"up": {"uv": [6, 2, 2, 0], "texture": "#hook"},
				"down": {"uv": [10, 0, 6, 2], "texture": "#hook"}
			}
		}
	]
}